amino_acid,NH3_frac,source_batch,ratio_snap,X_eq,log10_X_eq,formation_call,n_eq_mol,HCN_mol,C2H2_mol,yield_fraction_HCN,yield_pct_HCN
alanine,0.0,A_no_nh3,2.083333333333333,0.0199667221297836,-1.6996932259551167,significant,0.0199999999999999,0.02,0.0416666666666666,0.999999999999995,99.9999999999995
alanine,0.01,B_nh3,2.083333333333333,0.0197693574958813,-1.7040074450276346,significant,0.0199999999999999,0.02,0.0416666666666666,0.999999999999995,99.9999999999995
alanine,0.0158333333333333,B_nh3,2.083333333333333,0.0196560196560196,-1.7065044222332777,significant,0.0199999999999999,0.02,0.0416666666666666,0.999999999999995,99.9999999999995
alanine,0.0216666666666666,B_nh3,2.083333333333333,0.019543973941368,-1.708987125093545,significant,0.0199999999999999,0.02,0.0416666666666666,0.999999999999995,99.9999999999995
alanine,0.0274999999999999,B_nh3,2.083333333333333,0.0194331983805668,-1.7114557158840786,significant,0.0199999999999999,0.02,0.0416666666666666,0.999999999999995,99.9999999999995
alanine,0.0333333333333333,B_nh3,2.083333333333333,0.0193236714975845,-1.7139103541289564,significant,0.0199999999999999,0.02,0.0416666666666666,0.999999999999995,99.9999999999995
alanine,0.0391666666666666,B_nh3,2.083333333333333,0.0192153722978382,-1.716351196662531,significant,0.0199999999999999,0.02,0.0416666666666666,0.999999999999995,99.9999999999995
alanine,0.045,B_nh3,2.083333333333333,0.019108280254777,-1.718778397689573,significant,0.0199999999999999,0.02,0.0416666666666666,0.999999999999995,99.9999999999995
alanine,0.0508333333333333,B_nh3,2.083333333333333,0.0190023752969121,-1.721192108843725,significant,0.0199999999999999,0.02,0.0416666666666666,0.999999999999995,99.9999999999995
alanine,0.0566666666666666,B_nh3,2.083333333333333,0.0188976377952755,-1.7235924792443529,significant,0.0199999999999999,0.02,0.0416666666666666,0.999999999999995,99.9999999999995
alanine,0.0624999999999999,B_nh3,2.083333333333333,0.018794048551292,-1.7259796555518114,significant,0.0199999999999999,0.02,0.0416666666666666,0.999999999999995,99.9999999999995
alanine,0.0683333333333333,B_nh3,2.083333333333333,0.0186915887850467,-1.7283537820212291,significant,0.0199999999999999,0.02,0.0416666666666666,0.999999999999995,99.9999999999995
alanine,0.0741666666666666,B_nh3,2.083333333333333,0.0185902401239349,-1.730715000554815,significant,0.0199999999999999,0.02,0.0416666666666666,0.999999999999995,99.9999999999995
alanine,0.0799999999999999,B_nh3,2.083333333333333,0.0184899845916795,-1.7330634507527445,significant,0.0199999999999999,0.02,0.0416666666666666,0.999999999999995,99.9999999999995
alanine,0.0858333333333333,B_nh3,2.083333333333333,0.0183908045977011,-1.735399269962695,significant,0.0199999999999999,0.02,0.0416666666666666,0.999999999999995,99.9999999999995
alanine,0.0916666666666666,B_nh3,2.083333333333333,0.0182926829268292,-1.7377225933280371,significant,0.0199999999999999,0.02,0.0416666666666666,0.999999999999995,99.9999999999995
alanine,0.0974999999999999,B_nh3,2.083333333333333,0.0181956027293404,-1.7400335538347595,significant,0.0199999999999999,0.02,0.0416666666666666,0.999999999999995,99.9999999999995
alanine,0.1033333333333333,B_nh3,2.083333333333333,0.0180995475113122,-1.7423322823571488,significant,0.0199999999999999,0.02,0.0416666666666666,0.999999999999995,99.9999999999995
alanine,0.1091666666666666,B_nh3,2.083333333333333,0.0180045011252813,-1.7446189077022538,significant,0.0199999999999999,0.02,0.0416666666666666,0.999999999999995,99.9999999999995
alanine,0.1149999999999999,B_nh3,2.083333333333333,0.017910447761194,-1.7468935566532022,significant,0.0199999999999999,0.02,0.0416666666666666,0.999999999999995,99.9999999999995
alanine,0.1208333333333333,B_nh3,2.083333333333333,0.0178173719376391,-1.749156354011382,significant,0.0199999999999999,0.02,0.0416666666666666,0.999999999999995,99.9999999999995
alanine,0.1266666666666666,B_nh3,2.083333333333333,0.017725258493353,-1.7514074226375205,significant,0.0199999999999999,0.02,0.0416666666666666,0.999999999999995,99.9999999999995
alanine,0.1324999999999999,B_nh3,2.083333333333333,0.017634092578986,-1.7536468834917296,significant,0.0199999999999999,0.02,0.0416666666666666,0.999999999999995,99.9999999999995
alanine,0.1383333333333333,B_nh3,2.083333333333333,0.0175438596491228,-1.7558748556724917,significant,0.0199999999999999,0.02,0.0416666666666666,0.999999999999995,99.9999999999995
alanine,0.1441666666666666,B_nh3,2.083333333333333,0.0174545454545454,-1.7580914564546768,significant,0.0199999999999999,0.02,0.0416666666666666,0.999999999999995,99.9999999999995
alanine,0.15,B_nh3,2.083333333333333,0.0173661360347322,-1.7602968013265754,significant,0.0199999999999999,0.02,0.0416666666666666,0.999999999999995,99.9999999999995
arginine,0.0,A_no_nh3,2.083333333333333,0.0,,below_threshold,0.0,0.02,0.0416666666666666,0.0,0.0
arginine,0.01,B_nh3,2.083333333333333,0.0073409461663947,-2.134247960743076,significant,0.0074999999999999,0.02,0.0416666666666666,0.374999999999995,37.4999999999995
arginine,0.0158333333333333,B_nh3,2.083333333333333,0.0072992700729927,-2.1367205671564067,significant,0.0074999999999999,0.02,0.0416666666666666,0.374999999999995,37.4999999999995
arginine,0.0216666666666666,B_nh3,2.083333333333333,0.007258064516129,-2.139179175722912,significant,0.0074999999999999,0.02,0.0416666666666666,0.374999999999995,37.4999999999995
arginine,0.0274999999999999,B_nh3,2.083333333333333,0.0072173215717722,-2.141623944039221,significant,0.0074999999999999,0.02,0.0416666666666666,0.374999999999995,37.4999999999995
arginine,0.0333333333333333,B_nh3,2.083333333333333,0.0071770334928229,-2.144055027055377,significant,0.0074999999999999,0.02,0.0416666666666666,0.374999999999995,37.4999999999995
arginine,0.0391666666666666,B_nh3,2.083333333333333,0.007137192704203,-2.1464725771337574,significant,0.0074999999999999,0.02,0.0416666666666666,0.374999999999995,37.4999999999995
arginine,0.045,B_nh3,2.083333333333333,0.0070977917981072,-2.1488767441063925,significant,0.0074999999999999,0.02,0.0416666666666666,0.374999999999995,37.4999999999995
arginine,0.0508333333333333,B_nh3,2.083333333333333,0.0070588235294117,-2.151267675330653,significant,0.0074999999999999,0.02,0.0416666666666666,0.374999999999995,37.4999999999995
arginine,0.0566666666666666,B_nh3,2.083333333333333,0.0070202808112324,-2.153645515743477,significant,0.0074999999999999,0.02,0.0416666666666666,0.374999999999995,37.4999999999995
arginine,0.0624999999999999,B_nh3,2.083333333333333,0.0069821567106283,-2.156010407914084,significant,0.0074999999999999,0.02,0.0416666666666666,0.374999999999995,37.4999999999995
arginine,0.0683333333333333,B_nh3,2.083333333333333,0.0069444444444444,-2.1583624920952524,significant,0.0074999999999999,0.02,0.0416666666666666,0.374999999999995,37.4999999999995
arginine,0.0741666666666666,B_nh3,2.083333333333333,0.0069071373752877,-2.1607019062732657,significant,0.0074999999999999,0.02,0.0416666666666666,0.374999999999995,37.4999999999995
arginine,0.0799999999999999,B_nh3,2.083333333333333,0.0068702290076335,-2.163028786216445,significant,0.0074999999999999,0.02,0.0416666666666666,0.374999999999995,37.4999999999995
arginine,0.0858333333333333,B_nh3,2.083333333333333,0.0068337129840546,-2.165343265522463,significant,0.0074999999999999,0.02,0.0416666666666666,0.374999999999995,37.4999999999995
arginine,0.0916666666666666,B_nh3,2.083333333333333,0.0067975830815709,-2.1676454756643624,significant,0.0074999999999999,0.02,0.0416666666666666,0.374999999999995,37.4999999999995
arginine,0.0974999999999999,B_nh3,2.083333333333333,0.0067618332081142,-2.16993554603535,significant,0.0074999999999999,0.02,0.0416666666666666,0.374999999999995,37.4999999999995
arginine,0.1033333333333333,B_nh3,2.083333333333333,0.0067264573991031,-2.172213603992482,significant,0.0074999999999999,0.02,0.0416666666666666,0.374999999999995,37.4999999999995
arginine,0.1091666666666666,B_nh3,2.083333333333333,0.0066914498141263,-2.174479774899108,significant,0.0074999999999999,0.02,0.0416666666666666,0.374999999999995,37.4999999999995
arginine,0.1149999999999999,B_nh3,2.083333333333333,0.0066568047337278,-2.176734182166293,significant,0.0074999999999999,0.02,0.0416666666666666,0.374999999999995,37.4999999999995
arginine,0.1208333333333333,B_nh3,2.083333333333333,0.0066225165562913,-2.1789769472931755,significant,0.0074999999999999,0.02,0.0416666666666666,0.374999999999995,37.4999999999995
arginine,0.1266666666666666,B_nh3,2.083333333333333,0.0065885797950219,-2.181208189906193,significant,0.0074999999999999,0.02,0.0416666666666666,0.374999999999995,37.4999999999995
arginine,0.1324999999999999,B_nh3,2.083333333333333,0.0065549890750182,-2.1834280277974307,significant,0.0074999999999999,0.02,0.0416666666666666,0.374999999999995,37.4999999999995
arginine,0.1383333333333333,B_nh3,2.083333333333333,0.0065217391304347,-2.185636576961917,significant,0.0074999999999999,0.02,0.0416666666666666,0.374999999999995,37.4999999999995
arginine,0.1441666666666666,B_nh3,2.083333333333333,0.0064888248017303,-2.1878339516339635,significant,0.0074999999999999,0.02,0.0416666666666666,0.374999999999995,37.4999999999995
arginine,0.15,B_nh3,2.083333333333333,0.0064562410329985,-2.19002026432267,significant,0.0074999999999999,0.02,0.0416666666666666,0.374999999999995,37.4999999999995
asparagine,0.0,A_no_nh3,2.083333333333333,0.0,,below_threshold,0.0,0.02,0.0416666666666666,0.0,0.0
asparagine,0.01,B_nh3,2.083333333333333,0.0072347266881028,-2.140577870915481,significant,0.0074999999999999,0.02,0.0416666666666666,0.374999999999995,37.4999999999995
asparagine,0.0158333333333333,B_nh3,2.083333333333333,0.0071942446043165,-2.143014800254098,significant,0.0074999999999999,0.02,0.0416666666666666,0.374999999999995,37.4999999999995
asparagine,0.0216666666666666,B_nh3,2.083333333333333,0.0071542130365659,-2.14543813166993,significant,0.0074999999999999,0.02,0.0416666666666666,0.374999999999995,37.4999999999995
asparagine,0.0274999999999999,B_nh3,2.083333333333333,0.0071146245059288,-2.147848016072515,significant,0.0074999999999999,0.02,0.0416666666666666,0.374999999999995,37.4999999999995
asparagine,0.0333333333333333,B_nh3,2.083333333333333,0.0070754716981132,-2.1502446018730708,significant,0.0074999999999999,0.02,0.0416666666666666,0.374999999999995,37.4999999999995
asparagine,0.0391666666666666,B_nh3,2.083333333333333,0.0070367474589523,-2.1526280350393296,significant,0.0074999999999999,0.02,0.0416666666666666,0.374999999999995,37.4999999999995
asparagine,0.045,B_nh3,2.083333333333333,0.0069984447900466,-2.154998459148882,significant,0.0074999999999999,0.02,0.0416666666666666,0.374999999999995,37.4999999999995
asparagine,0.0508333333333333,B_nh3,2.083333333333333,0.0069605568445475,-2.157356015441073,significant,0.0074999999999999,0.02,0.0416666666666666,0.374999999999995,37.4999999999995
asparagine,0.0566666666666666,B_nh3,2.083333333333333,0.0069230769230769,-2.159700842867513,significant,0.0074999999999999,0.02,0.0416666666666666,0.374999999999995,37.4999999999995
asparagine,0.0624999999999999,B_nh3,2.083333333333333,0.0068859984697781,-2.1620330781412207,significant,0.0074999999999999,0.02,0.0416666666666666,0.374999999999995,37.4999999999995
asparagine,0.0683333333333333,B_nh3,2.083333333333333,0.0068493150684931,-2.1643528557844403,significant,0.0074999999999999,0.02,0.0416666666666666,0.374999999999995,37.4999999999995
asparagine,0.0741666666666666,B_nh3,2.083333333333333,0.0068130204390613,-2.1666603081752034,significant,0.0074999999999999,0.02,0.0416666666666666,0.374999999999995,37.4999999999995
asparagine,0.0799999999999999,B_nh3,2.083333333333333,0.0067771084337349,-2.168955565592676,significant,0.0074999999999999,0.02,0.0416666666666666,0.374999999999995,37.4999999999995
asparagine,0.0858333333333333,B_nh3,2.083333333333333,0.0067415730337078,-2.1712387562612734,significant,0.0074999999999999,0.02,0.0416666666666666,0.374999999999995,37.4999999999995
asparagine,0.0916666666666666,B_nh3,2.083333333333333,0.0067064083457526,-2.173510006393649,significant,0.0074999999999999,0.02,0.0416666666666666,0.374999999999995,37.4999999999995
asparagine,0.0974999999999999,B_nh3,2.083333333333333,0.0066716085989621,-2.1757694402325853,significant,0.0074999999999998,0.02,0.0416666666666666,0.37499999999999,37.499999999999
asparagine,0.1033333333333333,B_nh3,2.083333333333333,0.0066371681415929,-2.178017180091721,significant,0.0074999999999999,0.02,0.0416666666666666,0.374999999999995,37.4999999999995
asparagine,0.1091666666666666,B_nh3,2.083333333333333,0.0066030814380044,-2.180253346395349,significant,0.0074999999999999,0.02,0.0416666666666666,0.374999999999995,37.4999999999995
asparagine,0.1149999999999999,B_nh3,2.083333333333333,0.0065693430656934,-2.182478057717084,significant,0.0074999999999999,0.02,0.0416666666666666,0.374999999999995,37.4999999999995
asparagine,0.1208333333333333,B_nh3,2.083333333333333,0.0065359477124183,-2.184691430817599,significant,0.0075,0.02,0.0416666666666666,0.375,37.5
asparagine,0.1266666666666666,B_nh3,2.083333333333333,0.0065028901734104,-2.1868935806814145,significant,0.0074999999999999,0.02,0.0416666666666666,0.374999999999995,37.4999999999995
asparagine,0.1324999999999999,B_nh3,2.083333333333333,0.00647016534867,-2.189084620552723,significant,0.0074999999999999,0.02,0.0416666666666666,0.374999999999995,37.4999999999995
asparagine,0.1383333333333333,B_nh3,2.083333333333333,0.0064377682403433,-2.191264661970341,significant,0.0074999999999999,0.02,0.0416666666666666,0.374999999999995,37.4999999999995
asparagine,0.1441666666666666,B_nh3,2.083333333333333,0.0064056939501779,-2.193433814801776,significant,0.0074999999999999,0.02,0.0416666666666666,0.374999999999995,37.4999999999995
asparagine,0.15,B_nh3,2.083333333333333,0.0063739376770538,-2.195592187276462,significant,0.0074999999999999,0.02,0.0416666666666666,0.374999999999995,37.4999999999995
asparticacid,0.0,A_no_nh3,2.083333333333333,0.0,,below_threshold,0.0,0.02,0.0416666666666666,0.0,0.0
asparticacid,0.01,B_nh3,2.083333333333333,0.0072347266881028,-2.140577870915481,significant,0.0074999999999999,0.02,0.0416666666666666,0.374999999999995,37.4999999999995
asparticacid,0.0158333333333333,B_nh3,2.083333333333333,0.0071942446043165,-2.143014800254098,significant,0.0074999999999999,0.02,0.0416666666666666,0.374999999999995,37.4999999999995
asparticacid,0.0216666666666666,B_nh3,2.083333333333333,0.0071542130365659,-2.14543813166993,significant,0.0074999999999999,0.02,0.0416666666666666,0.374999999999995,37.4999999999995
asparticacid,0.0274999999999999,B_nh3,2.083333333333333,0.0071146245059288,-2.147848016072515,significant,0.0074999999999999,0.02,0.0416666666666666,0.374999999999995,37.4999999999995
asparticacid,0.0333333333333333,B_nh3,2.083333333333333,0.0070754716981132,-2.1502446018730708,significant,0.0074999999999999,0.02,0.0416666666666666,0.374999999999995,37.4999999999995
asparticacid,0.0391666666666666,B_nh3,2.083333333333333,0.0070367474589523,-2.1526280350393296,significant,0.0074999999999999,0.02,0.0416666666666666,0.374999999999995,37.4999999999995
asparticacid,0.045,B_nh3,2.083333333333333,0.0069984447900466,-2.154998459148882,significant,0.0074999999999999,0.02,0.0416666666666666,0.374999999999995,37.4999999999995
asparticacid,0.0508333333333333,B_nh3,2.083333333333333,0.0069605568445475,-2.157356015441073,significant,0.0074999999999999,0.02,0.0416666666666666,0.374999999999995,37.4999999999995
asparticacid,0.0566666666666666,B_nh3,2.083333333333333,0.0069230769230769,-2.159700842867513,significant,0.0074999999999999,0.02,0.0416666666666666,0.374999999999995,37.4999999999995
asparticacid,0.0624999999999999,B_nh3,2.083333333333333,0.0068859984697781,-2.1620330781412207,significant,0.0074999999999999,0.02,0.0416666666666666,0.374999999999995,37.4999999999995
asparticacid,0.0683333333333333,B_nh3,2.083333333333333,0.0068493150684931,-2.1643528557844403,significant,0.0074999999999999,0.02,0.0416666666666666,0.374999999999995,37.4999999999995
asparticacid,0.0741666666666666,B_nh3,2.083333333333333,0.0068130204390613,-2.1666603081752034,significant,0.0074999999999999,0.02,0.0416666666666666,0.374999999999995,37.4999999999995
asparticacid,0.0799999999999999,B_nh3,2.083333333333333,0.0067771084337349,-2.168955565592676,significant,0.0074999999999999,0.02,0.0416666666666666,0.374999999999995,37.4999999999995
asparticacid,0.0858333333333333,B_nh3,2.083333333333333,0.0067415730337078,-2.1712387562612734,significant,0.0074999999999999,0.02,0.0416666666666666,0.374999999999995,37.4999999999995
asparticacid,0.0916666666666666,B_nh3,2.083333333333333,0.0067064083457526,-2.173510006393649,significant,0.0074999999999999,0.02,0.0416666666666666,0.374999999999995,37.4999999999995
asparticacid,0.0974999999999999,B_nh3,2.083333333333333,0.0066716085989621,-2.1757694402325853,significant,0.0074999999999998,0.02,0.0416666666666666,0.37499999999999,37.499999999999
asparticacid,0.1033333333333333,B_nh3,2.083333333333333,0.0066371681415929,-2.178017180091721,significant,0.0074999999999999,0.02,0.0416666666666666,0.374999999999995,37.4999999999995
asparticacid,0.1091666666666666,B_nh3,2.083333333333333,0.0066030814380044,-2.180253346395349,significant,0.0074999999999999,0.02,0.0416666666666666,0.374999999999995,37.4999999999995
asparticacid,0.1149999999999999,B_nh3,2.083333333333333,0.0065693430656934,-2.182478057717084,significant,0.0074999999999999,0.02,0.0416666666666666,0.374999999999995,37.4999999999995
asparticacid,0.1208333333333333,B_nh3,2.083333333333333,0.0065359477124183,-2.184691430817599,significant,0.0075,0.02,0.0416666666666666,0.375,37.5
asparticacid,0.1266666666666666,B_nh3,2.083333333333333,0.0065028901734104,-2.1868935806814145,significant,0.0074999999999999,0.02,0.0416666666666666,0.374999999999995,37.4999999999995
asparticacid,0.1324999999999999,B_nh3,2.083333333333333,0.00647016534867,-2.189084620552723,significant,0.0074999999999999,0.02,0.0416666666666666,0.374999999999995,37.4999999999995
asparticacid,0.1383333333333333,B_nh3,2.083333333333333,0.0064377682403433,-2.191264661970341,significant,0.0074999999999999,0.02,0.0416666666666666,0.374999999999995,37.4999999999995
asparticacid,0.1441666666666666,B_nh3,2.083333333333333,0.0064056939501779,-2.193433814801776,significant,0.0074999999999999,0.02,0.0416666666666666,0.374999999999995,37.4999999999995
asparticacid,0.15,B_nh3,2.083333333333333,0.0063739376770538,-2.195592187276462,significant,0.0074999999999999,0.02,0.0416666666666666,0.374999999999995,37.4999999999995
glutamicacid,0.0,A_no_nh3,2.083333333333333,0.0,,below_threshold,0.0,0.02,0.0416666666666666,0.0,0.0
glutamicacid,0.01,B_nh3,2.083333333333333,0.0083546066372708,-2.078073993321082,significant,0.0085714285714285,0.02,0.0416666666666666,0.42857142857142505,42.857142857142506
glutamicacid,0.0158333333333333,B_nh3,2.083333333333333,0.0083073727933541,-2.080536300132591,significant,0.0085714285714285,0.02,0.0416666666666666,0.42857142857142505,42.857142857142506
glutamicacid,0.0216666666666666,B_nh3,2.083333333333333,0.0082606700321248,-2.082984725142951,significant,0.0085714285714285,0.02,0.0416666666666666,0.42857142857142505,42.857142857142506
glutamicacid,0.0274999999999999,B_nh3,2.083333333333333,0.0082144894466628,-2.0854194239985486,significant,0.0085714285714285,0.02,0.0416666666666666,0.42857142857142505,42.857142857142506
glutamicacid,0.0333333333333333,B_nh3,2.083333333333333,0.0081688223281143,-2.087840549742635,significant,0.0085714285714285,0.02,0.0416666666666666,0.42857142857142505,42.857142857142506
glutamicacid,0.0391666666666666,B_nh3,2.083333333333333,0.0081236601602166,-2.090248252873056,significant,0.0085714285714285,0.02,0.0416666666666666,0.42857142857142505,42.857142857142506
glutamicacid,0.045,B_nh3,2.083333333333333,0.0080789946140035,-2.0926426813983903,significant,0.0085714285714284,0.02,0.0416666666666666,0.42857142857142,42.857142857142
glutamicacid,0.0508333333333333,B_nh3,2.083333333333333,0.0080348175426849,-2.0950239808925257,significant,0.0085714285714285,0.02,0.0416666666666666,0.42857142857142505,42.857142857142506
glutamicacid,0.0566666666666666,B_nh3,2.083333333333333,0.0079911209766925,-2.097392294547798,significant,0.0085714285714285,0.02,0.0416666666666666,0.42857142857142505,42.857142857142506
glutamicacid,0.0624999999999999,B_nh3,2.083333333333333,0.0079478971188872,-2.099747763226637,significant,0.0085714285714284,0.02,0.0416666666666666,0.42857142857142,42.857142857142
glutamicacid,0.0683333333333333,B_nh3,2.083333333333333,0.0079051383399209,-2.1020905255118394,significant,0.0085714285714285,0.02,0.0416666666666666,0.42857142857142505,42.857142857142506
glutamicacid,0.0741666666666666,B_nh3,2.083333333333333,0.0078628371737468,-2.104420717755517,significant,0.0085714285714285,0.02,0.0416666666666666,0.42857142857142505,42.857142857142506
glutamicacid,0.0799999999999999,B_nh3,2.083333333333333,0.0078209863132739,-2.10673847412669,significant,0.0085714285714285,0.02,0.0416666666666666,0.42857142857142505,42.857142857142506
glutamicacid,0.0858333333333333,B_nh3,2.083333333333333,0.0077795786061588,-2.109043926657656,significant,0.0085714285714285,0.02,0.0416666666666666,0.42857142857142505,42.857142857142506
glutamicacid,0.0916666666666666,B_nh3,2.083333333333333,0.0077386070507308,-2.1113372052891277,significant,0.0085714285714285,0.02,0.0416666666666666,0.42857142857142505,42.857142857142506
glutamicacid,0.0974999999999999,B_nh3,2.083333333333333,0.0076980647920453,-2.1136184379141576,significant,0.0085714285714285,0.02,0.0416666666666666,0.42857142857142505,42.857142857142506
glutamicacid,0.1033333333333333,B_nh3,2.083333333333333,0.0076579451180599,-2.11588775042097,significant,0.0085714285714284,0.02,0.0416666666666666,0.42857142857142,42.857142857142
glutamicacid,0.1091666666666666,B_nh3,2.083333333333333,0.0076182414559305,-2.118145266734611,significant,0.0085714285714284,0.02,0.0416666666666666,0.42857142857142,42.857142857142
glutamicacid,0.1149999999999999,B_nh3,2.083333333333333,0.007578947368421,-2.120391108857582,significant,0.0085714285714285,0.02,0.0416666666666666,0.42857142857142505,42.857142857142506
glutamicacid,0.1208333333333333,B_nh3,2.083333333333333,0.0075400565504241,-2.122625396909399,significant,0.0085714285714285,0.02,0.0416666666666666,0.42857142857142505,42.857142857142506
glutamicacid,0.1266666666666666,B_nh3,2.083333333333333,0.0075015628255886,-2.124848249165138,significant,0.0085714285714284,0.02,0.0416666666666666,0.42857142857142,42.857142857142
glutamicacid,0.1324999999999999,B_nh3,2.083333333333333,0.0074634601430496,-2.127059782093,significant,0.0085714285714285,0.02,0.0416666666666666,0.42857142857142505,42.857142857142506
glutamicacid,0.1383333333333333,B_nh3,2.083333333333333,0.0074257425742574,-2.129260110390944,significant,0.0085714285714285,0.02,0.0416666666666666,0.42857142857142505,42.857142857142506
glutamicacid,0.1441666666666666,B_nh3,2.083333333333333,0.0073884043099025,-2.1314493470223725,significant,0.0085714285714285,0.02,0.0416666666666666,0.42857142857142505,42.857142857142506
glutamicacid,0.15,B_nh3,2.083333333333333,0.0073514396569328,-2.133627603250932,significant,0.0085714285714285,0.02,0.0416666666666666,0.42857142857142505,42.857142857142506
glutamine,0.0,A_no_nh3,2.083333333333333,0.0,,below_threshold,0.0,0.02,0.0416666666666666,0.0,0.0
glutamine,0.01,B_nh3,2.083333333333333,0.0083546066372708,-2.078073993321082,significant,0.0085714285714285,0.02,0.0416666666666666,0.42857142857142505,42.857142857142506
glutamine,0.0158333333333333,B_nh3,2.083333333333333,0.0083073727933541,-2.080536300132591,significant,0.0085714285714285,0.02,0.0416666666666666,0.42857142857142505,42.857142857142506
glutamine,0.0216666666666666,B_nh3,2.083333333333333,0.0082606700321248,-2.082984725142951,significant,0.0085714285714285,0.02,0.0416666666666666,0.42857142857142505,42.857142857142506
glutamine,0.0274999999999999,B_nh3,2.083333333333333,0.0082144894466628,-2.0854194239985486,significant,0.0085714285714285,0.02,0.0416666666666666,0.42857142857142505,42.857142857142506
glutamine,0.0333333333333333,B_nh3,2.083333333333333,0.0081688223281143,-2.087840549742635,significant,0.0085714285714285,0.02,0.0416666666666666,0.42857142857142505,42.857142857142506
glutamine,0.0391666666666666,B_nh3,2.083333333333333,0.0081236601602166,-2.090248252873056,significant,0.0085714285714285,0.02,0.0416666666666666,0.42857142857142505,42.857142857142506
glutamine,0.045,B_nh3,2.083333333333333,0.0080789946140035,-2.0926426813983903,significant,0.0085714285714284,0.02,0.0416666666666666,0.42857142857142,42.857142857142
glutamine,0.0508333333333333,B_nh3,2.083333333333333,0.0080348175426849,-2.0950239808925257,significant,0.0085714285714285,0.02,0.0416666666666666,0.42857142857142505,42.857142857142506
glutamine,0.0566666666666666,B_nh3,2.083333333333333,0.0079911209766925,-2.097392294547798,significant,0.0085714285714285,0.02,0.0416666666666666,0.42857142857142505,42.857142857142506
glutamine,0.0624999999999999,B_nh3,2.083333333333333,0.0079478971188872,-2.099747763226637,significant,0.0085714285714284,0.02,0.0416666666666666,0.42857142857142,42.857142857142
glutamine,0.0683333333333333,B_nh3,2.083333333333333,0.0079051383399209,-2.1020905255118394,significant,0.0085714285714285,0.02,0.0416666666666666,0.42857142857142505,42.857142857142506
glutamine,0.0741666666666666,B_nh3,2.083333333333333,0.0078628371737468,-2.104420717755517,significant,0.0085714285714285,0.02,0.0416666666666666,0.42857142857142505,42.857142857142506
glutamine,0.0799999999999999,B_nh3,2.083333333333333,0.0078209863132739,-2.10673847412669,significant,0.0085714285714285,0.02,0.0416666666666666,0.42857142857142505,42.857142857142506
glutamine,0.0858333333333333,B_nh3,2.083333333333333,0.0077795786061588,-2.109043926657656,significant,0.0085714285714285,0.02,0.0416666666666666,0.42857142857142505,42.857142857142506
glutamine,0.0916666666666666,B_nh3,2.083333333333333,0.0077386070507308,-2.1113372052891277,significant,0.0085714285714284,0.02,0.0416666666666666,0.42857142857142,42.857142857142
glutamine,0.0974999999999999,B_nh3,2.083333333333333,0.0076980647920453,-2.1136184379141576,significant,0.0085714285714285,0.02,0.0416666666666666,0.42857142857142505,42.857142857142506
glutamine,0.1033333333333333,B_nh3,2.083333333333333,0.0076579451180599,-2.11588775042097,significant,0.0085714285714284,0.02,0.0416666666666666,0.42857142857142,42.857142857142
glutamine,0.1091666666666666,B_nh3,2.083333333333333,0.0076182414559305,-2.118145266734611,significant,0.0085714285714284,0.02,0.0416666666666666,0.42857142857142,42.857142857142
glutamine,0.1149999999999999,B_nh3,2.083333333333333,0.007578947368421,-2.120391108857582,significant,0.0085714285714285,0.02,0.0416666666666666,0.42857142857142505,42.857142857142506
glutamine,0.1208333333333333,B_nh3,2.083333333333333,0.0075400565504241,-2.122625396909399,significant,0.0085714285714285,0.02,0.0416666666666666,0.42857142857142505,42.857142857142506
glutamine,0.1266666666666666,B_nh3,2.083333333333333,0.0075015628255886,-2.124848249165138,significant,0.0085714285714285,0.02,0.0416666666666666,0.42857142857142505,42.857142857142506
glutamine,0.1324999999999999,B_nh3,2.083333333333333,0.0074634601430496,-2.127059782093,significant,0.0085714285714285,0.02,0.0416666666666666,0.42857142857142505,42.857142857142506
glutamine,0.1383333333333333,B_nh3,2.083333333333333,0.0074257425742574,-2.129260110390944,significant,0.0085714285714285,0.02,0.0416666666666666,0.42857142857142505,42.857142857142506
glutamine,0.1441666666666666,B_nh3,2.083333333333333,0.0073884043099025,-2.1314493470223725,significant,0.0085714285714285,0.02,0.0416666666666666,0.42857142857142505,42.857142857142506
glutamine,0.15,B_nh3,2.083333333333333,0.0073514396569328,-2.133627603250932,significant,0.0085714285714285,0.02,0.0416666666666666,0.42857142857142505,42.857142857142506
glycine,0.0,A_no_nh3,2.083333333333333,0.0,,below_threshold,0.0,0.02,0.0416666666666666,0.0,0.0
glycine,0.01,B_nh3,2.083333333333333,0.0144694533762057,-1.8395478752514964,significant,0.0149999999999999,0.02,0.0416666666666666,0.749999999999995,74.9999999999995
glycine,0.0158333333333333,B_nh3,2.083333333333333,0.014388489208633,-1.8419848045901168,significant,0.0149999999999999,0.02,0.0416666666666666,0.749999999999995,74.9999999999995
glycine,0.0216666666666666,B_nh3,2.083333333333333,0.0143084260731319,-1.8444081360059457,significant,0.0149999999999999,0.02,0.0416666666666666,0.749999999999995,74.9999999999995
glycine,0.0274999999999999,B_nh3,2.083333333333333,0.0142292490118577,-1.846818020408531,significant,0.0149999999999999,0.02,0.0416666666666666,0.749999999999995,74.9999999999995
glycine,0.0333333333333333,B_nh3,2.083333333333333,0.0141509433962264,-1.8492146062090893,significant,0.0149999999999999,0.02,0.0416666666666666,0.749999999999995,74.9999999999995
glycine,0.0391666666666666,B_nh3,2.083333333333333,0.0140734949179046,-1.851598039375348,significant,0.0149999999999999,0.02,0.0416666666666666,0.749999999999995,74.9999999999995
glycine,0.045,B_nh3,2.083333333333333,0.0139968895800933,-1.8539684634848976,significant,0.0149999999999999,0.02,0.0416666666666666,0.749999999999995,74.9999999999995
glycine,0.0508333333333333,B_nh3,2.083333333333333,0.0139211136890951,-1.8563260197770888,significant,0.0149999999999999,0.02,0.0416666666666666,0.749999999999995,74.9999999999995
glycine,0.0566666666666666,B_nh3,2.083333333333333,0.0138461538461538,-1.8586708472035325,significant,0.0149999999999999,0.02,0.0416666666666666,0.749999999999995,74.9999999999995
glycine,0.0624999999999999,B_nh3,2.083333333333333,0.0137719969395562,-1.8610030824772397,significant,0.0149999999999999,0.02,0.0416666666666666,0.749999999999995,74.9999999999995
glycine,0.0683333333333333,B_nh3,2.083333333333333,0.0136986301369863,-1.863322860120456,significant,0.0149999999999999,0.02,0.0416666666666666,0.749999999999995,74.9999999999995
glycine,0.0741666666666666,B_nh3,2.083333333333333,0.0136260408781226,-1.865630312511222,significant,0.0149999999999999,0.02,0.0416666666666666,0.749999999999995,74.9999999999995
glycine,0.0799999999999999,B_nh3,2.083333333333333,0.0135542168674698,-1.8679255699286952,significant,0.0149999999999999,0.02,0.0416666666666666,0.749999999999995,74.9999999999995
glycine,0.0858333333333333,B_nh3,2.083333333333333,0.0134831460674157,-1.870208760597289,significant,0.0149999999999999,0.02,0.0416666666666666,0.749999999999995,74.9999999999995
glycine,0.0916666666666666,B_nh3,2.083333333333333,0.0134128166915052,-1.872480010729668,significant,0.0149999999999999,0.02,0.0416666666666666,0.749999999999995,74.9999999999995
glycine,0.0974999999999999,B_nh3,2.083333333333333,0.0133432171979243,-1.874739444568601,significant,0.0149999999999999,0.02,0.0416666666666666,0.749999999999995,74.9999999999995
glycine,0.1033333333333333,B_nh3,2.083333333333333,0.0132743362831858,-1.87698718442774,significant,0.0149999999999999,0.02,0.0416666666666666,0.749999999999995,74.9999999999995
glycine,0.1091666666666666,B_nh3,2.083333333333333,0.0132061628760088,-1.879223350731368,significant,0.0149999999999999,0.02,0.0416666666666666,0.749999999999995,74.9999999999995
glycine,0.1149999999999999,B_nh3,2.083333333333333,0.0131386861313868,-1.8814480620531029,significant,0.0149999999999999,0.02,0.0416666666666666,0.749999999999995,74.9999999999995
glycine,0.1208333333333333,B_nh3,2.083333333333333,0.0130718954248366,-1.8836614351536176,significant,0.015,0.02,0.0416666666666666,0.75,75.0
glycine,0.1266666666666666,B_nh3,2.083333333333333,0.0130057803468208,-1.8858635850174328,significant,0.0149999999999999,0.02,0.0416666666666666,0.749999999999995,74.9999999999995
glycine,0.1324999999999999,B_nh3,2.083333333333333,0.01294033069734,-1.8880546248887415,significant,0.0149999999999999,0.02,0.0416666666666666,0.749999999999995,74.9999999999995
glycine,0.1383333333333333,B_nh3,2.083333333333333,0.0128755364806866,-1.89023466630636,significant,0.0149999999999999,0.02,0.0416666666666666,0.749999999999995,74.9999999999995
glycine,0.1441666666666666,B_nh3,2.083333333333333,0.0128113879003558,-1.892403819137795,significant,0.0149999999999999,0.02,0.0416666666666666,0.749999999999995,74.9999999999995
glycine,0.15,B_nh3,2.083333333333333,0.0127478753541076,-1.8945621916124809,significant,0.0149999999999999,0.02,0.0416666666666666,0.749999999999995,74.9999999999995
histidine,0.0,A_no_nh3,2.083333333333333,0.0,,below_threshold,0.0,0.02,0.0416666666666666,0.0,0.0
histidine,0.01,B_nh3,2.083333333333333,0.005771080474511,-2.238742869653842,significant,0.0059999999999999,0.02,0.0416666666666666,0.299999999999995,29.9999999999995
histidine,0.0158333333333333,B_nh3,2.083333333333333,0.0057388809182209,-2.2411727867700506,significant,0.0059999999999999,0.02,0.0416666666666666,0.299999999999995,29.9999999999995
histidine,0.0216666666666666,B_nh3,2.083333333333333,0.0057070386810399,-2.243589183889582,significant,0.0059999999999999,0.02,0.0416666666666666,0.299999999999995,29.9999999999995
histidine,0.0274999999999999,B_nh3,2.083333333333333,0.0056755478480214,-2.24599221063018,significant,0.0059999999999999,0.02,0.0416666666666666,0.299999999999995,29.9999999999995
histidine,0.0333333333333333,B_nh3,2.083333333333333,0.0056444026340545,-2.2483820141396578,significant,0.0059999999999999,0.02,0.0416666666666666,0.299999999999995,29.9999999999995
histidine,0.0391666666666666,B_nh3,2.083333333333333,0.0056135973803212,-2.250758739149953,significant,0.0059999999999999,0.02,0.0416666666666666,0.299999999999995,29.9999999999995
histidine,0.045,B_nh3,2.083333333333333,0.0055831265508684,-2.253122528029753,significant,0.0059999999999999,0.02,0.0416666666666666,0.299999999999995,29.9999999999995
histidine,0.0508333333333333,B_nh3,2.083333333333333,0.0055529847292919,-2.255473520835624,significant,0.0059999999999999,0.02,0.0416666666666666,0.299999999999995,29.9999999999995
histidine,0.0566666666666666,B_nh3,2.083333333333333,0.0055231666155262,-2.2578118553618407,significant,0.0059999999999999,0.02,0.0416666666666666,0.299999999999995,29.9999999999995
histidine,0.0624999999999999,B_nh3,2.083333333333333,0.0054936670227376,-2.2601376671888573,significant,0.0059999999999999,0.02,0.0416666666666666,0.299999999999995,29.9999999999995
histidine,0.0683333333333333,B_nh3,2.083333333333333,0.0054644808743169,-2.262451089730433,significant,0.0059999999999999,0.02,0.0416666666666666,0.299999999999995,29.9999999999995
histidine,0.0741666666666666,B_nh3,2.083333333333333,0.0054356032009663,-2.2647522542796032,significant,0.0059999999999999,0.02,0.0416666666666666,0.299999999999995,29.9999999999995
histidine,0.0799999999999999,B_nh3,2.083333333333333,0.0054070291378792,-2.2670412900533647,significant,0.0059999999999999,0.02,0.0416666666666666,0.299999999999995,29.9999999999995
histidine,0.0858333333333333,B_nh3,2.083333333333333,0.005378753922008,-2.2693183242362185,significant,0.0059999999999999,0.02,0.0416666666666666,0.299999999999995,29.9999999999995
histidine,0.0916666666666666,B_nh3,2.083333333333333,0.0053507728894173,-2.271583482022573,significant,0.0059999999999999,0.02,0.0416666666666666,0.299999999999995,29.9999999999995
histidine,0.0974999999999999,B_nh3,2.083333333333333,0.0053230814727192,-2.273836886658056,significant,0.0059999999999999,0.02,0.0416666666666666,0.299999999999995,29.9999999999995
histidine,0.1033333333333333,B_nh3,2.083333333333333,0.0052956751985878,-2.2760786594797557,significant,0.0059999999999999,0.02,0.0416666666666666,0.299999999999995,29.9999999999995
histidine,0.1091666666666666,B_nh3,2.083333333333333,0.0052685496853505,-2.2783089199554003,significant,0.0059999999999999,0.02,0.0416666666666666,0.299999999999995,29.9999999999995
histidine,0.1149999999999999,B_nh3,2.083333333333333,0.0052417006406522,-2.2805277857216,significant,0.0059999999999998,0.02,0.0416666666666666,0.29999999999999,29.999999999998998
histidine,0.1208333333333333,B_nh3,2.083333333333333,0.0052151238591916,-2.282735372621023,significant,0.0059999999999999,0.02,0.0416666666666666,0.299999999999995,29.9999999999995
histidine,0.1266666666666666,B_nh3,2.083333333333333,0.0051888152205246,-2.2849317947387577,significant,0.0059999999999999,0.02,0.0416666666666666,0.299999999999995,29.9999999999995
histidine,0.1324999999999999,B_nh3,2.083333333333333,0.0051627706869353,-2.2871171644376327,significant,0.0059999999999999,0.02,0.0416666666666666,0.299999999999995,29.9999999999995
histidine,0.1383333333333333,B_nh3,2.083333333333333,0.0051369863013698,-2.2892915923927424,significant,0.0059999999999999,0.02,0.0416666666666666,0.299999999999995,29.9999999999995
histidine,0.1441666666666666,B_nh3,2.083333333333333,0.0051114581854323,-2.291455187625048,significant,0.0059999999999999,0.02,0.0416666666666666,0.299999999999995,29.9999999999995
histidine,0.15,B_nh3,2.083333333333333,0.0050861825374399,-2.2936080575342137,significant,0.0059999999999999,0.02,0.0416666666666666,0.299999999999995,29.9999999999995
isoleucine,0.0,A_no_nh3,2.083333333333333,0.0,,below_threshold,0.0,0.02,0.0416666666666666,0.0,0.0
isoleucine,0.01,B_nh3,2.083333333333333,0.0097879282218597,-2.009309224134772,significant,0.0099999999999999,0.02,0.0416666666666666,0.49999999999999495,49.999999999999496
isoleucine,0.0158333333333333,B_nh3,2.083333333333333,0.0137779002480022,-1.8608169638645375,significant,0.0138888888888888,0.02,0.0416666666666666,0.69444444444444,69.444444444444
isoleucine,0.0216666666666666,B_nh3,2.083333333333333,0.0136986301369862,-1.8633228601204592,significant,0.0138888888888888,0.02,0.0416666666666666,0.69444444444444,69.444444444444
isoleucine,0.0274999999999999,B_nh3,2.083333333333333,0.0136202669572323,-1.8658143801679696,significant,0.0138888888888888,0.02,0.0416666666666666,0.69444444444444,69.444444444444
isoleucine,0.0333333333333333,B_nh3,2.083333333333333,0.013542795232936,-1.8682916880178584,significant,0.0138888888888888,0.02,0.0416666666666666,0.69444444444444,69.444444444444
isoleucine,0.0391666666666666,B_nh3,2.083333333333333,0.0134661998384056,-1.87075494489014,significant,0.0138888888888888,0.02,0.0416666666666666,0.69444444444444,69.444444444444
isoleucine,0.045,B_nh3,2.083333333333333,0.0133904659882163,-1.873204309277044,significant,0.0138888888888888,0.02,0.0416666666666666,0.69444444444444,69.444444444444
isoleucine,0.0508333333333333,B_nh3,2.083333333333333,0.0133155792276964,-1.8756399370041683,significant,0.0138888888888888,0.02,0.0416666666666666,0.69444444444444,69.444444444444
isoleucine,0.0566666666666666,B_nh3,2.083333333333333,0.0132415254237288,-1.878061981290013,significant,0.0138888888888888,0.02,0.0416666666666666,0.69444444444444,69.444444444444
isoleucine,0.0624999999999999,B_nh3,2.083333333333333,0.0131682907558598,-1.8804705928037813,significant,0.0138888888888887,0.02,0.0416666666666666,0.694444444444435,69.4444444444435
isoleucine,0.0683333333333333,B_nh3,2.083333333333333,0.0130958617077003,-1.8828659197216315,significant,0.0138888888888888,0.02,0.0416666666666666,0.69444444444444,69.444444444444
isoleucine,0.0741666666666666,B_nh3,2.083333333333333,0.013024225058609,-1.8852481077813863,significant,0.0138888888888888,0.02,0.0416666666666666,0.69444444444444,69.444444444444
isoleucine,0.0799999999999999,B_nh3,2.083333333333333,0.0129533678756476,-1.8876173003357384,significant,0.0138888888888888,0.02,0.0416666666666666,0.69444444444444,69.444444444444
isoleucine,0.0858333333333333,B_nh3,2.083333333333333,0.0128832775057974,-1.889973638403999,significant,0.0138888888888888,0.02,0.0416666666666666,0.69444444444444,69.444444444444
isoleucine,0.0916666666666666,B_nh3,2.083333333333333,0.0128139415684264,-1.892317260722482,significant,0.0138888888888888,0.02,0.0416666666666666,0.69444444444444,69.444444444444
isoleucine,0.0974999999999999,B_nh3,2.083333333333333,0.0127453479479989,-1.89464830379352,significant,0.0138888888888888,0.02,0.0416666666666666,0.69444444444444,69.444444444444
isoleucine,0.1033333333333333,B_nh3,2.083333333333333,0.0126774847870182,-1.8969669019331568,significant,0.0138888888888888,0.02,0.0416666666666666,0.69444444444444,69.444444444444
isoleucine,0.1091666666666666,B_nh3,2.083333333333333,0.0126103404791929,-1.8992731873176047,significant,0.0138888888888888,0.02,0.0416666666666666,0.69444444444444,69.444444444444
isoleucine,0.1149999999999999,B_nh3,2.083333333333333,0.0125439036628198,-1.9015672900284524,significant,0.0138888888888888,0.02,0.0416666666666666,0.69444444444444,69.444444444444
isoleucine,0.1208333333333333,B_nh3,2.083333333333333,0.0124781632143748,-1.9038493380966823,significant,0.0138888888888888,0.02,0.0416666666666666,0.69444444444444,69.444444444444
isoleucine,0.1266666666666666,B_nh3,2.083333333333333,0.0124131082423038,-1.906119457545564,significant,0.0138888888888888,0.02,0.0416666666666666,0.69444444444444,69.444444444444
isoleucine,0.1324999999999999,B_nh3,2.083333333333333,0.0123487280810076,-1.9083777724323965,significant,0.0138888888888888,0.02,0.0416666666666666,0.69444444444444,69.444444444444
isoleucine,0.1383333333333333,B_nh3,2.083333333333333,0.0122850122850122,-1.9106244048892045,significant,0.0138888888888888,0.02,0.0416666666666666,0.69444444444444,69.444444444444
isoleucine,0.1441666666666666,B_nh3,2.083333333333333,0.0122219506233194,-1.9128594751623575,significant,0.0138888888888888,0.02,0.0416666666666666,0.69444444444444,69.444444444444
isoleucine,0.15,B_nh3,2.083333333333333,0.0121595330739299,-1.9150831016512029,significant,0.0138888888888888,0.02,0.0416666666666666,0.69444444444444,69.444444444444
leucine,0.0,A_no_nh3,2.083333333333333,0.0,,below_threshold,0.0,0.02,0.0416666666666666,0.0,0.0
leucine,0.01,B_nh3,2.083333333333333,0.0097879282218597,-2.009309224134772,significant,0.0099999999999999,0.02,0.0416666666666666,0.49999999999999495,49.999999999999496
leucine,0.0158333333333333,B_nh3,2.083333333333333,0.0137779002480022,-1.8608169638645375,significant,0.0138888888888888,0.02,0.0416666666666666,0.69444444444444,69.444444444444
leucine,0.0216666666666666,B_nh3,2.083333333333333,0.0136986301369862,-1.8633228601204592,significant,0.0138888888888888,0.02,0.0416666666666666,0.69444444444444,69.444444444444
leucine,0.0274999999999999,B_nh3,2.083333333333333,0.0136202669572323,-1.8658143801679696,significant,0.0138888888888888,0.02,0.0416666666666666,0.69444444444444,69.444444444444
leucine,0.0333333333333333,B_nh3,2.083333333333333,0.013542795232936,-1.8682916880178584,significant,0.0138888888888888,0.02,0.0416666666666666,0.69444444444444,69.444444444444
leucine,0.0391666666666666,B_nh3,2.083333333333333,0.0134661998384056,-1.87075494489014,significant,0.0138888888888888,0.02,0.0416666666666666,0.69444444444444,69.444444444444
leucine,0.045,B_nh3,2.083333333333333,0.0133904659882163,-1.873204309277044,significant,0.0138888888888888,0.02,0.0416666666666666,0.69444444444444,69.444444444444
leucine,0.0508333333333333,B_nh3,2.083333333333333,0.0133155792276964,-1.8756399370041683,significant,0.0138888888888888,0.02,0.0416666666666666,0.69444444444444,69.444444444444
leucine,0.0566666666666666,B_nh3,2.083333333333333,0.0132415254237288,-1.878061981290013,significant,0.0138888888888888,0.02,0.0416666666666666,0.69444444444444,69.444444444444
leucine,0.0624999999999999,B_nh3,2.083333333333333,0.0131682907558598,-1.8804705928037813,significant,0.0138888888888887,0.02,0.0416666666666666,0.694444444444435,69.4444444444435
leucine,0.0683333333333333,B_nh3,2.083333333333333,0.0130958617077003,-1.8828659197216315,significant,0.0138888888888888,0.02,0.0416666666666666,0.69444444444444,69.444444444444
leucine,0.0741666666666666,B_nh3,2.083333333333333,0.013024225058609,-1.8852481077813863,significant,0.0138888888888888,0.02,0.0416666666666666,0.69444444444444,69.444444444444
leucine,0.0799999999999999,B_nh3,2.083333333333333,0.0129533678756476,-1.8876173003357384,significant,0.0138888888888888,0.02,0.0416666666666666,0.69444444444444,69.444444444444
leucine,0.0858333333333333,B_nh3,2.083333333333333,0.0128832775057974,-1.889973638403999,significant,0.0138888888888888,0.02,0.0416666666666666,0.69444444444444,69.444444444444
leucine,0.0916666666666666,B_nh3,2.083333333333333,0.0128139415684264,-1.892317260722482,significant,0.0138888888888888,0.02,0.0416666666666666,0.69444444444444,69.444444444444
leucine,0.0974999999999999,B_nh3,2.083333333333333,0.0127453479479989,-1.89464830379352,significant,0.0138888888888888,0.02,0.0416666666666666,0.69444444444444,69.444444444444
leucine,0.1033333333333333,B_nh3,2.083333333333333,0.0126774847870182,-1.8969669019331568,significant,0.0138888888888888,0.02,0.0416666666666666,0.69444444444444,69.444444444444
leucine,0.1091666666666666,B_nh3,2.083333333333333,0.0126103404791929,-1.8992731873176047,significant,0.0138888888888888,0.02,0.0416666666666666,0.69444444444444,69.444444444444
leucine,0.1149999999999999,B_nh3,2.083333333333333,0.0125439036628198,-1.9015672900284524,significant,0.0138888888888888,0.02,0.0416666666666666,0.69444444444444,69.444444444444
leucine,0.1208333333333333,B_nh3,2.083333333333333,0.0124781632143748,-1.9038493380966823,significant,0.0138888888888888,0.02,0.0416666666666666,0.69444444444444,69.444444444444
leucine,0.1266666666666666,B_nh3,2.083333333333333,0.0124131082423038,-1.906119457545564,significant,0.0138888888888888,0.02,0.0416666666666666,0.69444444444444,69.444444444444
leucine,0.1324999999999999,B_nh3,2.083333333333333,0.0123487280810076,-1.9083777724323965,significant,0.0138888888888888,0.02,0.0416666666666666,0.69444444444444,69.444444444444
leucine,0.1383333333333333,B_nh3,2.083333333333333,0.0122850122850122,-1.9106244048892045,significant,0.0138888888888888,0.02,0.0416666666666666,0.69444444444444,69.444444444444
leucine,0.1441666666666666,B_nh3,2.083333333333333,0.0122219506233194,-1.9128594751623575,significant,0.0138888888888888,0.02,0.0416666666666666,0.69444444444444,69.444444444444
leucine,0.15,B_nh3,2.083333333333333,0.0121595330739299,-1.9150831016512029,significant,0.0138888888888888,0.02,0.0416666666666666,0.69444444444444,69.444444444444
lysine,0.0,A_no_nh3,2.083333333333333,0.0,,below_threshold,0.0,0.02,0.0416666666666666,0.0,0.0
lysine,0.01,B_nh3,2.083333333333333,0.0072874493927125,-2.1374244481563625,significant,0.0074999999999999,0.02,0.0416666666666666,0.374999999999995,37.4999999999995
lysine,0.0158333333333333,B_nh3,2.083333333333333,0.0117550010311404,-1.9297773284430344,significant,0.0118749999999999,0.02,0.0416666666666666,0.593749999999995,59.3749999999995
lysine,0.0216666666666666,B_nh3,2.083333333333333,0.0157068062827225,-1.8039121125280653,significant,0.0156249999999999,0.02,0.0416666666666666,0.781249999999995,78.1249999999995
lysine,0.0274999999999999,B_nh3,2.083333333333333,0.0156152404747033,-1.8064513232472623,significant,0.0156249999999999,0.02,0.0416666666666666,0.781249999999995,78.1249999999995
lysine,0.0333333333333333,B_nh3,2.083333333333333,0.0155247360794866,-1.808975774094821,significant,0.0156249999999999,0.02,0.0416666666666666,0.781249999999995,78.1249999999995
lysine,0.0391666666666666,B_nh3,2.083333333333333,0.0154352747478905,-1.8114856356713065,significant,0.0156249999999999,0.02,0.0416666666666666,0.781249999999995,78.1249999999995
lysine,0.045,B_nh3,2.083333333333333,0.0153468385512584,-1.813981075636473,significant,0.0156249999999999,0.02,0.0416666666666666,0.781249999999995,78.1249999999995
lysine,0.0508333333333333,B_nh3,2.083333333333333,0.0152594099694811,-1.8164622587764567,significant,0.0156249999999999,0.02,0.0416666666666666,0.781249999999995,78.1249999999995
lysine,0.0566666666666666,B_nh3,2.083333333333333,0.0151729718794254,-1.8189293470690784,significant,0.0156249999999999,0.02,0.0416666666666666,0.781249999999995,78.1249999999995
lysine,0.0624999999999999,B_nh3,2.083333333333333,0.0150875075437537,-1.8213824997473007,significant,0.0156249999999999,0.02,0.0416666666666666,0.781249999999995,78.1249999999995
lysine,0.0683333333333333,B_nh3,2.083333333333333,0.01500300060012,-1.8238218733608909,significant,0.0156249999999999,0.02,0.0416666666666666,0.781249999999995,78.1249999999995
lysine,0.0741666666666666,B_nh3,2.083333333333333,0.014919435050726,-1.8262476218363772,significant,0.0156249999999999,0.02,0.0416666666666666,0.781249999999995,78.1249999999995
lysine,0.0799999999999999,B_nh3,2.083333333333333,0.0148367952522255,-1.8286598965353205,significant,0.0156249999999999,0.02,0.0416666666666666,0.781249999999995,78.1249999999995
lysine,0.0858333333333333,B_nh3,2.083333333333333,0.014755065905961,-1.831058846311005,significant,0.0156249999999999,0.02,0.0416666666666666,0.781249999999995,78.1249999999995
lysine,0.0916666666666666,B_nh3,2.083333333333333,0.0146742320485227,-1.83344461756354,significant,0.0156249999999999,0.02,0.0416666666666666,0.781249999999995,78.1249999999995
lysine,0.0974999999999999,B_nh3,2.083333333333333,0.0145942790426153,-1.8358173542934728,significant,0.015625,0.02,0.0416666666666666,0.78125,78.125
lysine,0.1033333333333333,B_nh3,2.083333333333333,0.0145151925682214,-1.8381771981539616,significant,0.0156249999999999,0.02,0.0416666666666666,0.781249999999995,78.1249999999995
lysine,0.1091666666666666,B_nh3,2.083333333333333,0.0144369586140519,-1.8405242885014983,significant,0.0156249999999999,0.02,0.0416666666666666,0.781249999999995,78.1249999999995
lysine,0.1149999999999999,B_nh3,2.083333333333333,0.0143595634692705,-1.8428587624452943,significant,0.0156249999999999,0.02,0.0416666666666666,0.781249999999995,78.1249999999995
lysine,0.1208333333333333,B_nh3,2.083333333333333,0.0142829937154827,-1.845180754895359,significant,0.0156249999999999,0.02,0.0416666666666666,0.781249999999995,78.1249999999995
lysine,0.1266666666666666,B_nh3,2.083333333333333,0.0142072362189808,-1.8474903986092608,significant,0.0156249999999999,0.02,0.0416666666666666,0.781249999999995,78.1249999999995
lysine,0.1324999999999999,B_nh3,2.083333333333333,0.0141322781232334,-1.8497878242376875,significant,0.0156249999999999,0.02,0.0416666666666666,0.781249999999995,78.1249999999995
lysine,0.1383333333333333,B_nh3,2.083333333333333,0.014058106841612,-1.8520731603687888,significant,0.015625,0.02,0.0416666666666666,0.78125,78.125
lysine,0.1441666666666666,B_nh3,2.083333333333333,0.0139847100503449,-1.8543465335713696,significant,0.0156249999999999,0.02,0.0416666666666666,0.781249999999995,78.1249999999995
lysine,0.15,B_nh3,2.083333333333333,0.0139120756816917,-1.8566080684369364,significant,0.0156249999999999,0.02,0.0416666666666666,0.781249999999995,78.1249999999995
phenylalanine,0.0,A_no_nh3,2.083333333333333,0.0,,below_threshold,0.0,0.02,0.0416666666666666,0.0,0.0
phenylalanine,0.01,B_nh3,2.083333333333333,0.0112815884476534,-1.947629747384356,significant,0.0113636363636363,0.02,0.0416666666666666,0.568181818181815,56.8181818181815
phenylalanine,0.0158333333333333,B_nh3,2.083333333333333,0.0112166305241905,-1.950137585550744,significant,0.0113636363636363,0.02,0.0416666666666666,0.568181818181815,56.8181818181815
phenylalanine,0.0216666666666666,B_nh3,2.083333333333333,0.0111524163568773,-1.9526310252827463,significant,0.0113636363636363,0.02,0.0416666666666666,0.568181818181815,56.8181818181815
phenylalanine,0.0274999999999999,B_nh3,2.083333333333333,0.0110889332446218,-1.9551102309705544,significant,0.0113636363636363,0.02,0.0416666666666666,0.568181818181815,56.8181818181815
phenylalanine,0.0333333333333333,B_nh3,2.083333333333333,0.01102616877389,-1.9575753642050044,significant,0.0113636363636363,0.02,0.0416666666666666,0.568181818181815,56.8181818181815
phenylalanine,0.0391666666666666,B_nh3,2.083333333333333,0.0109641108106132,-1.960026583840797,significant,0.0113636363636363,0.02,0.0416666666666666,0.568181818181815,56.8181818181815
phenylalanine,0.045,B_nh3,2.083333333333333,0.010902747492368,-1.9624640460579044,significant,0.0113636363636363,0.02,0.0416666666666666,0.568181818181815,56.8181818181815
phenylalanine,0.0508333333333333,B_nh3,2.083333333333333,0.0108420672208167,-1.9648879044212924,significant,0.0113636363636363,0.02,0.0416666666666666,0.568181818181815,56.8181818181815
phenylalanine,0.0566666666666666,B_nh3,2.083333333333333,0.010782058654399,-1.967298309938978,significant,0.0113636363636362,0.02,0.0416666666666666,0.5681818181818099,56.81818181818099
phenylalanine,0.0624999999999999,B_nh3,2.083333333333333,0.0107227107012652,-1.9696954111184768,significant,0.0113636363636362,0.02,0.0416666666666666,0.5681818181818099,56.81818181818099
phenylalanine,0.0683333333333333,B_nh3,2.083333333333333,0.0106640125124413,-1.972079354021708,significant,0.0113636363636363,0.02,0.0416666666666666,0.568181818181815,56.8181818181815
phenylalanine,0.0741666666666666,B_nh3,2.083333333333333,0.0106059534752174,-1.9744502823184056,significant,0.0113636363636363,0.02,0.0416666666666666,0.568181818181815,56.8181818181815
phenylalanine,0.0799999999999999,B_nh3,2.083333333333333,0.010548523206751,-1.9768083373380685,significant,0.0113636363636363,0.02,0.0416666666666666,0.568181818181815,56.8181818181815
phenylalanine,0.0858333333333333,B_nh3,2.083333333333333,0.0104917115478771,-1.979153658120508,significant,0.0113636363636362,0.02,0.0416666666666666,0.5681818181818099,56.81818181818099
phenylalanine,0.0916666666666666,B_nh3,2.083333333333333,0.010435508557117,-1.9814863814650483,significant,0.0113636363636363,0.02,0.0416666666666666,0.568181818181815,56.8181818181815
phenylalanine,0.0974999999999999,B_nh3,2.083333333333333,0.0103799045048785,-1.9838066419784173,significant,0.0113636363636363,0.02,0.0416666666666666,0.568181818181815,56.8181818181815
phenylalanine,0.1033333333333333,B_nh3,2.083333333333333,0.0103248898678414,-1.9861145721213287,significant,0.0113636363636363,0.02,0.0416666666666666,0.568181818181815,56.8181818181815
phenylalanine,0.1091666666666666,B_nh3,2.083333333333333,0.0102704553235193,-1.988410302253889,significant,0.0113636363636363,0.02,0.0416666666666666,0.568181818181815,56.8181818181815
phenylalanine,0.1149999999999999,B_nh3,2.083333333333333,0.0102165917449938,-1.9906939606797545,significant,0.0113636363636362,0.02,0.0416666666666666,0.5681818181818099,56.81818181818099
phenylalanine,0.1208333333333333,B_nh3,2.083333333333333,0.0101632901958127,-1.992965673689172,significant,0.0113636363636363,0.02,0.0416666666666666,0.568181818181815,56.8181818181815
phenylalanine,0.1266666666666666,B_nh3,2.083333333333333,0.0101105419250471,-1.9952255656008948,significant,0.0113636363636362,0.02,0.0416666666666666,0.5681818181818099,56.81818181818099
phenylalanine,0.1324999999999999,B_nh3,2.083333333333333,0.0100583383625025,-1.997473758802981,significant,0.0113636363636363,0.02,0.0416666666666666,0.568181818181815,56.8181818181815
phenylalanine,0.1383333333333333,B_nh3,2.083333333333333,0.010006671114076,-1.9997103737926003,significant,0.0113636363636363,0.02,0.0416666666666666,0.568181818181815,56.8181818181815
phenylalanine,0.1441666666666666,B_nh3,2.083333333333333,0.0099555319572575,-2.001935529214755,significant,0.0113636363636362,0.02,0.0416666666666666,0.5681818181818099,56.81818181818099
phenylalanine,0.15,B_nh3,2.083333333333333,0.009904912836767,-2.0041493419000607,significant,0.0113636363636363,0.02,0.0416666666666666,0.568181818181815,56.8181818181815
proline,0.0,A_no_nh3,2.083333333333333,0.0203735144312393,-1.6909340487394786,significant,0.0199999999999999,0.02,0.0416666666666666,0.999999999999995,99.9999999999995
proline,0.01,B_nh3,2.083333333333333,0.0201680672268907,-1.695335719680926,significant,0.0199999999999999,0.02,0.0416666666666666,0.999999999999995,99.9999999999995
proline,0.0158333333333333,B_nh3,2.083333333333333,0.0200501253132832,-1.6978829086948048,significant,0.0199999999999999,0.02,0.0416666666666666,0.999999999999995,99.9999999999995
proline,0.0216666666666666,B_nh3,2.083333333333333,0.0199335548172757,-1.7004152452102008,significant,0.0199999999999999,0.02,0.0416666666666666,0.999999999999995,99.9999999999995
proline,0.0274999999999999,B_nh3,2.083333333333333,0.0198183319570602,-1.702932901431448,significant,0.0199999999999999,0.02,0.0416666666666666,0.999999999999995,99.9999999999995
proline,0.0333333333333333,B_nh3,2.083333333333333,0.0197044334975369,-1.7054360465852516,significant,0.0199999999999999,0.02,0.0416666666666666,0.999999999999995,99.9999999999995
proline,0.0391666666666666,B_nh3,2.083333333333333,0.0195918367346938,-1.707924846988947,significant,0.0199999999999999,0.02,0.0416666666666666,0.999999999999995,99.9999999999995
proline,0.045,B_nh3,2.083333333333333,0.0194805194805194,-1.7103994661168025,significant,0.0199999999999999,0.02,0.0416666666666666,0.999999999999995,99.9999999999995
proline,0.0508333333333333,B_nh3,2.083333333333333,0.0193704600484261,-1.7128600646644585,significant,0.0199999999999999,0.02,0.0416666666666666,0.999999999999995,99.9999999999995
proline,0.0566666666666666,B_nh3,2.083333333333333,0.0192616372391653,-1.7153068006115455,significant,0.0199999999999999,0.02,0.0416666666666666,0.999999999999995,99.9999999999995
proline,0.0624999999999999,B_nh3,2.083333333333333,0.0191540303272146,-1.717739829282546,significant,0.0199999999999999,0.02,0.0416666666666666,0.999999999999995,99.9999999999995
proline,0.0683333333333333,B_nh3,2.083333333333333,0.019047619047619,-1.720159303405958,significant,0.0199999999999999,0.02,0.0416666666666666,0.999999999999995,99.9999999999995
proline,0.0741666666666666,B_nh3,2.083333333333333,0.0189423835832675,-1.7225653731718369,significant,0.0199999999999999,0.02,0.0416666666666666,0.999999999999995,99.9999999999995
proline,0.0799999999999999,B_nh3,2.083333333333333,0.0188383045525902,-1.7249581862877272,significant,0.0199999999999999,0.02,0.0416666666666666,0.999999999999995,99.9999999999995
proline,0.0858333333333333,B_nh3,2.083333333333333,0.018735362997658,-1.727337888033082,significant,0.0199999999999999,0.02,0.0416666666666666,0.999999999999995,99.9999999999995
proline,0.0916666666666666,B_nh3,2.083333333333333,0.0186335403726708,-1.7297046213121874,significant,0.0199999999999999,0.02,0.0416666666666666,0.999999999999995,99.9999999999995
proline,0.0974999999999999,B_nh3,2.083333333333333,0.0185328185328185,-1.7320585267056654,significant,0.0199999999999999,0.02,0.0416666666666666,0.999999999999995,99.9999999999995
proline,0.1033333333333333,B_nh3,2.083333333333333,0.0184331797235023,-1.7343997425205673,significant,0.0199999999999999,0.02,0.0416666666666666,0.999999999999995,99.9999999999995
proline,0.1091666666666666,B_nh3,2.083333333333333,0.0183346065699006,-1.7367284048391518,significant,0.0199999999999999,0.02,0.0416666666666666,0.999999999999995,99.9999999999995
proline,0.1149999999999999,B_nh3,2.083333333333333,0.0182370820668693,-1.7390446475663306,significant,0.02,0.02,0.0416666666666666,1.0,100.0
proline,0.1208333333333333,B_nh3,2.083333333333333,0.0181405895691609,-1.7413486024758973,significant,0.0199999999999999,0.02,0.0416666666666666,0.999999999999995,99.9999999999995
proline,0.1266666666666666,B_nh3,2.083333333333333,0.0180451127819548,-1.743640399255482,significant,0.0199999999999999,0.02,0.0416666666666666,0.999999999999995,99.9999999999995
proline,0.1324999999999999,B_nh3,2.083333333333333,0.0179506357516828,-1.7459201655503802,significant,0.0199999999999999,0.02,0.0416666666666666,0.999999999999995,99.9999999999995
proline,0.1383333333333333,B_nh3,2.083333333333333,0.0178571428571428,-1.7481880270062018,significant,0.0199999999999999,0.02,0.0416666666666666,0.999999999999995,99.9999999999995
proline,0.1441666666666666,B_nh3,2.083333333333333,0.0177646188008882,-1.750444107310425,significant,0.0199999999999999,0.02,0.0416666666666666,0.999999999999995,99.9999999999995
proline,0.15,B_nh3,2.083333333333333,0.0176730486008836,-1.752688528232878,significant,0.0199999999999999,0.02,0.0416666666666666,0.999999999999995,99.9999999999995
serine,0.0,A_no_nh3,2.083333333333333,0.0,,below_threshold,0.0,0.02,0.0416666666666666,0.0,0.0
serine,0.01,B_nh3,2.083333333333333,0.0116769380473564,-1.932671023959224,significant,0.0119999999999999,0.02,0.0416666666666666,0.599999999999995,59.999999999999496
serine,0.0158333333333333,B_nh3,2.083333333333333,0.011611030478955,-1.9351292349156823,significant,0.0119999999999999,0.02,0.0416666666666666,0.599999999999995,59.999999999999496
serine,0.0216666666666666,B_nh3,2.083333333333333,0.0115458627325208,-1.9375736100855372,significant,0.0119999999999999,0.02,0.0416666666666666,0.599999999999995,59.999999999999496
serine,0.0274999999999999,B_nh3,2.083333333333333,0.0114814224206665,-1.940004304344084,significant,0.0119999999999999,0.02,0.0416666666666666,0.599999999999995,59.999999999999496
serine,0.0333333333333333,B_nh3,2.083333333333333,0.011417697431018,-1.9424214699806204,significant,0.0119999999999999,0.02,0.0416666666666666,0.599999999999995,59.999999999999496
serine,0.0391666666666666,B_nh3,2.083333333333333,0.0113546759186248,-1.944825256755694,significant,0.0119999999999999,0.02,0.0416666666666666,0.599999999999995,59.999999999999496
serine,0.045,B_nh3,2.083333333333333,0.0112923462986198,-1.9472158119567884,significant,0.0119999999999999,0.02,0.0416666666666666,0.599999999999995,59.999999999999496
serine,0.0508333333333333,B_nh3,2.083333333333333,0.0112306972391202,-1.9495932804524656,significant,0.0119999999999999,0.02,0.0416666666666666,0.599999999999995,59.999999999999496
serine,0.0566666666666666,B_nh3,2.083333333333333,0.0111697176543592,-1.9519578047450508,significant,0.0119999999999999,0.02,0.0416666666666666,0.599999999999995,59.999999999999496
serine,0.0624999999999999,B_nh3,2.083333333333333,0.0111093966980404,-1.954309525021884,significant,0.0119999999999999,0.02,0.0416666666666666,0.599999999999995,59.999999999999496
serine,0.0683333333333333,B_nh3,2.083333333333333,0.011049723756906,-1.9566485792052064,significant,0.0119999999999999,0.02,0.0416666666666666,0.599999999999995,59.999999999999496
serine,0.0741666666666666,B_nh3,2.083333333333333,0.0109906884445122,-1.9589751030006748,significant,0.0119999999999999,0.02,0.0416666666666666,0.599999999999995,59.999999999999496
serine,0.0799999999999999,B_nh3,2.083333333333333,0.0109322805952019,-1.9612892299446223,significant,0.0119999999999999,0.02,0.0416666666666666,0.599999999999995,59.999999999999496
serine,0.0858333333333333,B_nh3,2.083333333333333,0.0108744902582691,-1.9635910914500507,significant,0.0119999999999999,0.02,0.0416666666666666,0.599999999999995,59.999999999999496
serine,0.0916666666666666,B_nh3,2.083333333333333,0.0108173076923076,-1.9658808168514028,significant,0.0119999999999999,0.02,0.0416666666666666,0.599999999999995,59.999999999999496
serine,0.0974999999999999,B_nh3,2.083333333333333,0.0107607233597369,-1.9681585334481648,significant,0.0119999999999999,0.02,0.0416666666666666,0.599999999999995,59.999999999999496
serine,0.1033333333333333,B_nh3,2.083333333333333,0.0107047279214986,-1.9704243665473509,significant,0.0119999999999999,0.02,0.0416666666666666,0.599999999999995,59.999999999999496
serine,0.1091666666666666,B_nh3,2.083333333333333,0.0106493122319183,-1.972678439504852,significant,0.0119999999999999,0.02,0.0416666666666666,0.599999999999995,59.999999999999496
serine,0.1149999999999999,B_nh3,2.083333333333333,0.0105944673337257,-1.9749208737657404,significant,0.0119999999999999,0.02,0.0416666666666666,0.599999999999995,59.999999999999496
serine,0.1208333333333333,B_nh3,2.083333333333333,0.0105401844532279,-1.977151788903538,significant,0.0119999999999999,0.02,0.0416666666666666,0.599999999999995,59.999999999999496
serine,0.1266666666666666,B_nh3,2.083333333333333,0.0104864549956306,-1.9793713026584647,significant,0.0119999999999999,0.02,0.0416666666666666,0.599999999999995,59.999999999999496
serine,0.1324999999999999,B_nh3,2.083333333333333,0.0104332705405013,-1.9815795309747333,significant,0.0119999999999999,0.02,0.0416666666666666,0.599999999999995,59.999999999999496
serine,0.1383333333333333,B_nh3,2.083333333333333,0.0103806228373702,-1.9837765880368872,significant,0.0119999999999999,0.02,0.0416666666666666,0.599999999999995,59.999999999999496
serine,0.1441666666666666,B_nh3,2.083333333333333,0.0103285038014632,-1.9859625863052388,significant,0.0119999999999999,0.02,0.0416666666666666,0.599999999999995,59.999999999999496
serine,0.15,B_nh3,2.083333333333333,0.0102769055095632,-1.9881376365504064,significant,0.0119999999999999,0.02,0.0416666666666666,0.599999999999995,59.999999999999496
threonine,0.0,A_no_nh3,2.083333333333333,0.0,,below_threshold,0.0,0.02,0.0416666666666666,0.0,0.0
threonine,0.01,B_nh3,2.083333333333333,0.0149006622516556,-1.826794429181808,significant,0.0149999999999999,0.02,0.0416666666666666,0.749999999999995,74.9999999999995
threonine,0.0158333333333333,B_nh3,2.083333333333333,0.0148148148148148,-1.8293037728310253,significant,0.0149999999999999,0.02,0.0416666666666666,0.749999999999995,74.9999999999995
threonine,0.0216666666666666,B_nh3,2.083333333333333,0.0147299509001636,-1.8317987008032317,significant,0.0149999999999999,0.02,0.0416666666666666,0.749999999999995,74.9999999999995
threonine,0.0274999999999999,B_nh3,2.083333333333333,0.0146460537021969,-1.8342793777831483,significant,0.0149999999999999,0.02,0.0416666666666666,0.749999999999995,74.9999999999995
threonine,0.0333333333333333,B_nh3,2.083333333333333,0.0145631067961165,-1.836745965649491,significant,0.0149999999999999,0.02,0.0416666666666666,0.749999999999995,74.9999999999995
threonine,0.0391666666666666,B_nh3,2.083333333333333,0.0144810941271118,-1.8391986235383395,significant,0.0149999999999999,0.02,0.0416666666666666,0.749999999999995,74.9999999999995
threonine,0.045,B_nh3,2.083333333333333,0.0144,-1.8416375079047504,significant,0.015,0.02,0.0416666666666666,0.75,75.0
threonine,0.0508333333333333,B_nh3,2.083333333333333,0.0143198090692124,-1.844062772582652,significant,0.0149999999999999,0.02,0.0416666666666666,0.749999999999995,74.9999999999995
threonine,0.0566666666666666,B_nh3,2.083333333333333,0.0142405063291139,-1.8464745688430608,significant,0.0149999999999999,0.02,0.0416666666666666,0.749999999999995,74.9999999999995
threonine,0.0624999999999999,B_nh3,2.083333333333333,0.014162077104642,-1.8488730454507023,significant,0.0149999999999999,0.02,0.0416666666666666,0.749999999999995,74.9999999999995
threonine,0.0683333333333333,B_nh3,2.083333333333333,0.0140845070422535,-1.851258348719076,significant,0.0149999999999999,0.02,0.0416666666666666,0.749999999999995,74.9999999999995
threonine,0.0741666666666666,B_nh3,2.083333333333333,0.0140077821011673,-1.853630622564008,significant,0.0149999999999999,0.02,0.0416666666666666,0.749999999999995,74.9999999999995
threonine,0.0799999999999999,B_nh3,2.083333333333333,0.0139318885448916,-1.8559900085557608,significant,0.0149999999999999,0.02,0.0416666666666666,0.749999999999995,74.9999999999995
threonine,0.0858333333333333,B_nh3,2.083333333333333,0.0138568129330254,-1.858336645969722,significant,0.0149999999999999,0.02,0.0416666666666666,0.749999999999995,74.9999999999995
threonine,0.0916666666666666,B_nh3,2.083333333333333,0.0137825421133231,-1.8606706718357495,significant,0.0149999999999999,0.02,0.0416666666666666,0.749999999999995,74.9999999999995
threonine,0.0974999999999999,B_nh3,2.083333333333333,0.0137090632140137,-1.8629922209861736,significant,0.0149999999999999,0.02,0.0416666666666666,0.749999999999995,74.9999999999995
threonine,0.1033333333333333,B_nh3,2.083333333333333,0.0136363636363636,-1.865301426102545,significant,0.0149999999999999,0.02,0.0416666666666666,0.749999999999995,74.9999999999995
threonine,0.1091666666666666,B_nh3,2.083333333333333,0.0135644310474755,-1.8675984177611296,significant,0.0149999999999999,0.02,0.0416666666666666,0.749999999999995,74.9999999999995
threonine,0.1149999999999999,B_nh3,2.083333333333333,0.0134932533733133,-1.8698833244772253,significant,0.0149999999999999,0.02,0.0416666666666666,0.749999999999995,74.9999999999995
threonine,0.1208333333333333,B_nh3,2.083333333333333,0.0134228187919463,-1.8721562727482928,significant,0.0149999999999999,0.02,0.0416666666666666,0.749999999999995,74.9999999999995
threonine,0.1266666666666666,B_nh3,2.083333333333333,0.0133531157270029,-1.8744173870959973,significant,0.0149999999999999,0.02,0.0416666666666666,0.749999999999995,74.9999999999995
threonine,0.1324999999999999,B_nh3,2.083333333333333,0.0132841328413284,-1.876666790107119,significant,0.0149999999999999,0.02,0.0416666666666666,0.749999999999995,74.9999999999995
threonine,0.1383333333333333,B_nh3,2.083333333333333,0.013215859030837,-1.8789046024734604,significant,0.0149999999999999,0.02,0.0416666666666666,0.749999999999995,74.9999999999995
threonine,0.1441666666666666,B_nh3,2.083333333333333,0.0131482834185536,-1.8811309430306868,significant,0.0149999999999999,0.02,0.0416666666666666,0.749999999999995,74.9999999999995
threonine,0.15,B_nh3,2.083333333333333,0.0130813953488372,-1.883345928796187,significant,0.0149999999999999,0.02,0.0416666666666666,0.749999999999995,74.9999999999995
tryptophan,0.0,A_no_nh3,2.083333333333333,0.0,,below_threshold,0.0,0.02,0.0416666666666666,0.0,0.0
tryptophan,0.01,B_nh3,2.083333333333333,0.0065040650406504,-2.1868151244474547,significant,0.0066666666666666,0.02,0.0416666666666666,0.33333333333333,33.333333333333
tryptophan,0.0158333333333333,B_nh3,2.083333333333333,0.0064672594987873,-2.189279712637183,significant,0.0066666666666665,0.02,0.0416666666666666,0.333333333333325,33.3333333333325
tryptophan,0.0216666666666666,B_nh3,2.083333333333333,0.0064308681672025,-2.191730393362861,significant,0.0066666666666666,0.02,0.0416666666666666,0.33333333333333,33.333333333333
tryptophan,0.0274999999999999,B_nh3,2.083333333333333,0.0063948840927258,-2.1941673227014777,significant,0.0066666666666666,0.02,0.0416666666666666,0.33333333333333,33.333333333333
tryptophan,0.0333333333333333,B_nh3,2.083333333333333,0.0063593004769475,-2.196590654117309,significant,0.0066666666666666,0.02,0.0416666666666666,0.33333333333333,33.333333333333
tryptophan,0.0391666666666666,B_nh3,2.083333333333333,0.0063241106719367,-2.1990005385198974,significant,0.0066666666666666,0.02,0.0416666666666666,0.33333333333333,33.333333333333
tryptophan,0.045,B_nh3,2.083333333333333,0.0062893081761006,-2.201397124320453,significant,0.0066666666666666,0.02,0.0416666666666666,0.33333333333333,33.333333333333
tryptophan,0.0508333333333333,B_nh3,2.083333333333333,0.0062548866301798,-2.2037805574867124,significant,0.0066666666666666,0.02,0.0416666666666666,0.33333333333333,33.333333333333
tryptophan,0.0566666666666666,B_nh3,2.083333333333333,0.0062208398133748,-2.20615098159626,significant,0.0066666666666666,0.02,0.0416666666666666,0.33333333333333,33.333333333333
tryptophan,0.0624999999999999,B_nh3,2.083333333333333,0.0061871616395978,-2.208508537888453,significant,0.0066666666666666,0.02,0.0416666666666666,0.33333333333333,33.333333333333
tryptophan,0.0683333333333333,B_nh3,2.083333333333333,0.0061538461538461,-2.210853365314897,significant,0.0066666666666666,0.02,0.0416666666666666,0.33333333333333,33.333333333333
tryptophan,0.0741666666666666,B_nh3,2.083333333333333,0.0061208875286916,-2.213185600588605,significant,0.0066666666666666,0.02,0.0416666666666666,0.33333333333333,33.333333333333
tryptophan,0.0799999999999999,B_nh3,2.083333333333333,0.0060882800608828,-2.2155053782318186,significant,0.0066666666666666,0.02,0.0416666666666666,0.33333333333333,33.333333333333
tryptophan,0.0858333333333333,B_nh3,2.083333333333333,0.0060560181680545,-2.217812830622584,significant,0.0066666666666666,0.02,0.0416666666666666,0.33333333333333,33.333333333333
tryptophan,0.0916666666666666,B_nh3,2.083333333333333,0.0060240963855421,-2.22010808804006,significant,0.0066666666666665,0.02,0.0416666666666666,0.333333333333325,33.3333333333325
tryptophan,0.0974999999999999,B_nh3,2.083333333333333,0.0059925093632958,-2.222391278708656,significant,0.0066666666666665,0.02,0.0416666666666666,0.333333333333325,33.3333333333325
tryptophan,0.1033333333333333,B_nh3,2.083333333333333,0.0059612518628912,-2.22466252884103,significant,0.0066666666666666,0.02,0.0416666666666666,0.33333333333333,33.333333333333
tryptophan,0.1091666666666666,B_nh3,2.083333333333333,0.005930318754633,-2.226921962679965,significant,0.0066666666666666,0.02,0.0416666666666666,0.33333333333333,33.333333333333
tryptophan,0.1149999999999999,B_nh3,2.083333333333333,0.0058997050147492,-2.2291697025391057,significant,0.0066666666666665,0.02,0.0416666666666666,0.333333333333325,33.3333333333325
tryptophan,0.1208333333333333,B_nh3,2.083333333333333,0.0058694057226705,-2.231405868842736,significant,0.0066666666666665,0.02,0.0416666666666666,0.333333333333325,33.3333333333325
tryptophan,0.1266666666666666,B_nh3,2.083333333333333,0.0058394160583941,-2.233630580164468,significant,0.0066666666666666,0.02,0.0416666666666666,0.33333333333333,33.333333333333
tryptophan,0.1324999999999999,B_nh3,2.083333333333333,0.0058097312999273,-2.235843953264986,significant,0.0066666666666665,0.02,0.0416666666666666,0.333333333333325,33.3333333333325
tryptophan,0.1383333333333333,B_nh3,2.083333333333333,0.0057803468208092,-2.238046103128799,significant,0.0066666666666666,0.02,0.0416666666666666,0.33333333333333,33.333333333333
tryptophan,0.1441666666666666,B_nh3,2.083333333333333,0.0057512580877066,-2.240237143000109,significant,0.0066666666666665,0.02,0.0416666666666666,0.333333333333325,33.3333333333325
tryptophan,0.15,B_nh3,2.083333333333333,0.0057224606580829,-2.2424171844177248,significant,0.0066666666666665,0.02,0.0416666666666666,0.333333333333325,33.3333333333325
tyrosine,0.0,A_no_nh3,2.083333333333333,0.0,,below_threshold,0.0,0.02,0.0416666666666666,0.0,0.0
tyrosine,0.01,B_nh3,2.083333333333333,0.0084249941493096,-2.0744303920499103,significant,0.0085714285714285,0.02,0.0416666666666666,0.42857142857142505,42.857142857142506
tyrosine,0.0158333333333333,B_nh3,2.083333333333333,0.0083769633507853,-2.076913384591805,significant,0.0085714285714285,0.02,0.0416666666666666,0.42857142857142505,42.857142857142506
tyrosine,0.0216666666666666,B_nh3,2.083333333333333,0.0083294770939379,-2.07938226177994,significant,0.0085714285714284,0.02,0.0416666666666666,0.42857142857142,42.857142857142
tyrosine,0.0274999999999999,B_nh3,2.083333333333333,0.0082825261704819,-2.081837183193914,significant,0.0085714285714284,0.02,0.0416666666666666,0.42857142857142,42.857142857142
tyrosine,0.0333333333333333,B_nh3,2.083333333333333,0.0082361015785861,-2.0842783057223677,significant,0.0085714285714285,0.02,0.0416666666666666,0.42857142857142505,42.857142857142506
tyrosine,0.0391666666666666,B_nh3,2.083333333333333,0.0081901945171197,-2.086705783623154,significant,0.0085714285714284,0.02,0.0416666666666666,0.42857142857142,42.857142857142
tyrosine,0.045,B_nh3,2.083333333333333,0.0081447963800904,-2.08911976858181,significant,0.0085714285714284,0.02,0.0416666666666666,0.42857142857142,42.857142857142
tyrosine,0.0508333333333333,B_nh3,2.083333333333333,0.0080998987512656,-2.091520409768445,significant,0.0085714285714285,0.02,0.0416666666666666,0.42857142857142505,42.857142857142506
tyrosine,0.0566666666666666,B_nh3,2.083333333333333,0.0080554933989706,-2.0939078538930764,significant,0.0085714285714284,0.02,0.0416666666666666,0.42857142857142,42.857142857142
tyrosine,0.0624999999999999,B_nh3,2.083333333333333,0.0080115722710581,-2.096282245259377,significant,0.0085714285714284,0.02,0.0416666666666666,0.42857142857142,42.857142857142
tyrosine,0.0683333333333333,B_nh3,2.083333333333333,0.0079681274900398,-2.098643725817059,significant,0.0085714285714285,0.02,0.0416666666666666,0.42857142857142505,42.857142857142506
tyrosine,0.0741666666666666,B_nh3,2.083333333333333,0.0079251513483764,-2.100992435212787,significant,0.0085714285714285,0.02,0.0416666666666666,0.42857142857142505,42.857142857142506
tyrosine,0.0799999999999999,B_nh3,2.083333333333333,0.0078826363039194,-2.1033285108397144,significant,0.0085714285714285,0.02,0.0416666666666666,0.42857142857142505,42.857142857142506
tyrosine,0.0858333333333333,B_nh3,2.083333333333333,0.0078405749754982,-2.105652087885729,significant,0.0085714285714285,0.02,0.0416666666666666,0.42857142857142505,42.857142857142506
tyrosine,0.0916666666666666,B_nh3,2.083333333333333,0.0077989601386481,-2.1079632993803923,significant,0.0085714285714284,0.02,0.0416666666666666,0.42857142857142,42.857142857142
tyrosine,0.0974999999999999,B_nh3,2.083333333333333,0.0077577847214739,-2.1102622762406256,significant,0.0085714285714284,0.02,0.0416666666666666,0.42857142857142,42.857142857142
tyrosine,0.1033333333333333,B_nh3,2.083333333333333,0.007717041800643,-2.1125491473152365,significant,0.0085714285714284,0.02,0.0416666666666666,0.42857142857142,42.857142857142
tyrosine,0.1091666666666666,B_nh3,2.083333333333333,0.007676724597505,-2.1148240394282287,significant,0.0085714285714285,0.02,0.0416666666666666,0.42857142857142505,42.857142857142506
tyrosine,0.1149999999999999,B_nh3,2.083333333333333,0.0076368264743317,-2.117087077421022,significant,0.0085714285714284,0.02,0.0416666666666666,0.42857142857142,42.857142857142
tyrosine,0.1208333333333333,B_nh3,2.083333333333333,0.0075973409306742,-2.1193383841935467,significant,0.0085714285714285,0.02,0.0416666666666666,0.42857142857142505,42.857142857142506
tyrosine,0.1266666666666666,B_nh3,2.083333333333333,0.007558261599832,-2.121578080744305,significant,0.0085714285714285,0.02,0.0416666666666666,0.42857142857142505,42.857142857142506
tyrosine,0.1324999999999999,B_nh3,2.083333333333333,0.0075195822454308,-2.1238062862093923,significant,0.0085714285714285,0.02,0.0416666666666666,0.42857142857142505,42.857142857142506
tyrosine,0.1383333333333333,B_nh3,2.083333333333333,0.0074812967581047,-2.1260231179005222,significant,0.0085714285714285,0.02,0.0416666666666666,0.42857142857142505,42.857142857142506
tyrosine,0.1441666666666666,B_nh3,2.083333333333333,0.0074433991522795,-2.128228691342079,significant,0.0085714285714285,0.02,0.0416666666666666,0.42857142857142505,42.857142857142506
tyrosine,0.15,B_nh3,2.083333333333333,0.0074058835630528,-2.1304231203072588,significant,0.0085714285714284,0.02,0.0416666666666666,0.42857142857142,42.857142857142
valine,0.0,A_no_nh3,2.083333333333333,0.0,,below_threshold,0.0,0.02,0.0416666666666666,0.0,0.0
valine,0.01,B_nh3,2.083333333333333,0.0149006622516556,-1.826794429181808,significant,0.0149999999999999,0.02,0.0416666666666666,0.749999999999995,74.9999999999995
valine,0.0158333333333333,B_nh3,2.083333333333333,0.01785501725985,-1.7482397256529976,significant,0.0178571428571428,0.02,0.0416666666666666,0.89285714285714,89.28571428571401
valine,0.0216666666666666,B_nh3,2.083333333333333,0.0177514792899408,-1.7507654498940115,significant,0.0178571428571428,0.02,0.0416666666666666,0.89285714285714,89.28571428571401
valine,0.0274999999999999,B_nh3,2.083333333333333,0.0176491351923755,-1.7532765701844202,significant,0.0178571428571428,0.02,0.0416666666666666,0.89285714285714,89.28571428571401
valine,0.0333333333333333,B_nh3,2.083333333333333,0.0175479644361254,-1.755773254436351,significant,0.0178571428571428,0.02,0.0416666666666666,0.89285714285714,89.28571428571401
valine,0.0391666666666666,B_nh3,2.083333333333333,0.0174479469582412,-1.7582556676825756,significant,0.0178571428571428,0.02,0.0416666666666666,0.89285714285714,89.28571428571401
valine,0.045,B_nh3,2.083333333333333,0.0173490631505898,-1.7607239721419534,significant,0.0178571428571428,0.02,0.0416666666666666,0.89285714285714,89.28571428571401
valine,0.0508333333333333,B_nh3,2.083333333333333,0.0172512938470385,-1.7631783272830508,significant,0.0178571428571428,0.02,0.0416666666666666,0.89285714285714,89.28571428571401
valine,0.0566666666666666,B_nh3,2.083333333333333,0.0171546203110704,-1.7656188898859664,significant,0.0178571428571428,0.02,0.0416666666666666,0.89285714285714,89.28571428571401
valine,0.0624999999999999,B_nh3,2.083333333333333,0.0170590242238144,-1.768045814102417,significant,0.0178571428571428,0.02,0.0416666666666666,0.89285714285714,89.28571428571401
valine,0.0683333333333333,B_nh3,2.083333333333333,0.0169644876724723,-1.7704592515141735,significant,0.0178571428571428,0.02,0.0416666666666666,0.89285714285714,89.28571428571401
valine,0.0741666666666666,B_nh3,2.083333333333333,0.0168709931391294,-1.7728593511898685,significant,0.0178571428571428,0.02,0.0416666666666666,0.89285714285714,89.28571428571401
valine,0.0799999999999999,B_nh3,2.083333333333333,0.0167785234899328,-1.7752462597402388,significant,0.0178571428571427,0.02,0.0416666666666666,0.892857142857135,89.2857142857135
valine,0.0858333333333333,B_nh3,2.083333333333333,0.0166870619646234,-1.7776201213718748,significant,0.0178571428571428,0.02,0.0416666666666666,0.89285714285714,89.28571428571401
valine,0.0916666666666666,B_nh3,2.083333333333333,0.0165965921664084,-1.7799810779395042,significant,0.0178571428571427,0.02,0.0416666666666666,0.892857142857135,89.2857142857135
valine,0.0974999999999999,B_nh3,2.083333333333333,0.0165070980521624,-1.7823292689968375,significant,0.0178571428571428,0.02,0.0416666666666666,0.89285714285714,89.28571428571401
valine,0.1033333333333333,B_nh3,2.083333333333333,0.0164185639229422,-1.7846648318460918,significant,0.0178571428571428,0.02,0.0416666666666666,0.89285714285714,89.28571428571401
valine,0.1091666666666666,B_nh3,2.083333333333333,0.0163309744148067,-1.7869879015861472,significant,0.0178571428571428,0.02,0.0416666666666666,0.89285714285714,89.28571428571401
valine,0.1149999999999999,B_nh3,2.083333333333333,0.0162443144899285,-1.7892986111594418,significant,0.0178571428571428,0.02,0.0416666666666666,0.89285714285714,89.28571428571401
valine,0.1208333333333333,B_nh3,2.083333333333333,0.0161585694279866,-1.7915970913976325,significant,0.0178571428571428,0.02,0.0416666666666666,0.89285714285714,89.28571428571401
valine,0.1266666666666666,B_nh3,2.083333333333333,0.0160737248178311,-1.7938834710660343,significant,0.0178571428571428,0.02,0.0416666666666666,0.89285714285714,89.28571428571401
valine,0.1324999999999999,B_nh3,2.083333333333333,0.0159897665494083,-1.7961578769069166,significant,0.0178571428571427,0.02,0.0416666666666666,0.892857142857135,89.2857142857135
valine,0.1383333333333333,B_nh3,2.083333333333333,0.0159066808059385,-1.798420433681647,significant,0.0178571428571428,0.02,0.0416666666666666,0.89285714285714,89.28571428571401
valine,0.1441666666666666,B_nh3,2.083333333333333,0.015824454056335,-1.8006712642117808,significant,0.0178571428571428,0.02,0.0416666666666666,0.89285714285714,89.28571428571401
valine,0.15,B_nh3,2.083333333333333,0.0157430730478589,-1.802910489419041,significant,0.0178571428571428,0.02,0.0416666666666666,0.89285714285714,89.28571428571401
